{
	"format_version": "1.21.6",
	"credit": "Made with Blockbench",
	"parent": "gun",
	"textures": {
		"1": "item/gun"
	},
	"elements": [
		{
			"from": [3, 0, 7],
			"to": [6, 8, 9],
			"rotation": {"angle": 0, "axis": "y", "origin": [4, 0, 7]},
			"faces": {
				"north": {"uv": [13, 0, 16, 8], "texture": "#1"},
				"east": {"uv": [11, 0, 13, 8], "texture": "#1"},
				"south": {"uv": [8, 0, 11, 8], "texture": "#1"},
				"west": {"uv": [7, 0, 9, 8], "texture": "#1"},
				"up": {"uv": [3, 0, 6, 2], "texture": "#1"},
				"down": {"uv": [3, 2, 6, 4], "texture": "#1"}
			}
		},
		{
			"from": [6, 4, 7],
			"to": [13, 8, 9],
			"rotation": {"angle": 0, "axis": "y", "origin": [6, 6, 7]},
			"faces": {
				"north": {"uv": [0, 4, 7, 8], "texture": "#1"},
				"east": {"uv": [0, 0, 2, 4], "texture": "#1"},
				"south": {"uv": [0, 8, 7, 12], "texture": "#1"},
				"west": {"uv": [2, 0, 4, 4], "texture": "#1"},
				"up": {"uv": [9, 14, 16, 16], "texture": "#1"},
				"down": {"uv": [9, 12, 16, 14], "texture": "#1"}
			}
		},
		{
			"from": [6.5, 2.5, 7],
			"to": [8.5, 4.5, 9],
			"rotation": {"angle": -7.5, "axis": "z", "origin": [6.5, 2.5, 7]},
			"faces": {
				"north": {"uv": [0, 14, 2, 16], "texture": "#1"},
				"east": {"uv": [0, 12, 2, 14], "texture": "#1"},
				"south": {"uv": [2, 14, 4, 16], "texture": "#1"},
				"west": {"uv": [2, 12, 4, 14], "texture": "#1"},
				"up": {"uv": [4, 14, 6, 16], "texture": "#1"},
				"down": {"uv": [4, 12, 6, 14], "texture": "#1"}
			}
		}
	],
	"gui_light": "front",
	"display": {
		"thirdperson_righthand": {
			"rotation": [0, 90, 0],
			"translation": [0, 5.25, -2.25]
		},
		"thirdperson_lefthand": {
			"rotation": [0, -90, 0],
			"translation": [0, 5.25, -2.25]
		},
		"firstperson_righthand": {
			"rotation": [0, 90, 0],
			"translation": [-0.5, 6, -0.75]
		},
		"firstperson_lefthand": {
			"rotation": [0, -90, 0],
			"translation": [-0.5, 6, -0.75]
		},
		"ground": {
			"translation": [0, 5.75, 0]
		},
		"gui": {
			"translation": [0.25, 4.75, 0],
			"scale": [1.3, 1.3, 1]
		},
		"head": {
			"rotation": [-21, 90, 0],
			"translation": [-0.5, 1.25, -12]
		},
		"fixed": {
			"translation": [0, 3.25, -0.5]
		}
	}
}